,Mean squared error:,R2 Score:,MAE:,score,intercept_,coef_,funcao,relacao,filtro
0,1.8744765089979233e-07,0.09427004916014359,0.00034590719719549074,0.09435133110527327,[0.0049704],0.034236841869978885,y = 0.004970400699949447+(0.034236841869978885x),indicador_rendimento,
1,1.9215369832022213e-07,0.09350731016834202,0.00035060564804567293,0.09327751328269407,[0.00497156],0.03445369354277607,y = 0.004971564073552921+(0.03445369354277607x),taxa_aprovacao,
2,3.7750045703409917e-07,0.22102556377604698,0.0004894837239846432,0.22203758111057625,[0.00480664],0.07986761240305452,y = 0.004806635864709451+(0.07986761240305452x),nota_saeb_media_padronizada,
3,2.572956341478932e-07,0.2895348594808498,0.00040277161655592086,0.2921104754114189,[0.00523557],0.07226373209936235,y = 0.005235571888295747+(0.07226373209936235x),nota_saeb_lingua_portuguesa,
4,2.4152845303282673e-07,0.24652506352414216,0.0003902193745788301,0.24860732527091134,[0.00527127],0.06272118232334761,y = 0.005271274356904294+(0.06272118232334761x),nota_saeb_matematica,
5,2.371125659587859e-05,0.1846090935061777,0.00372884170080203,0.19543722610198555,[0.07841325],0.03876096181123667,y = 0.07841324831401869+(0.03876096181123667x),indicador_rendimento,sigla_uf-AC
6,2.4331092374075882e-05,0.19214122503010211,0.003917544315237101,0.20558756359580466,[0.07817985],0.03995181507205991,y = 0.07817984840091438+(0.03995181507205991x),taxa_aprovacao,sigla_uf-AC
7,4.676489711359538e-05,0.5036647676769244,0.005296103181552382,0.5002195300018013,[0.07353958],0.11443442905790199,y = 0.07353958187162371+(0.11443442905790199x),nota_saeb_media_padronizada,sigla_uf-AC
8,4.584589532878637e-05,0.4702295199489521,0.00527461448002919,0.45960127188944444,[0.08094183],0.09651008556904105,y = 0.08094182587943576+(0.09651008556904105x),nota_saeb_lingua_portuguesa,sigla_uf-AC
9,3.398409165696005e-05,0.47627036098306497,0.004609626264999099,0.46762667664014124,[0.08182259],0.0863799660358271,y = 0.08182259028163769+(0.0863799660358271x),nota_saeb_matematica,sigla_uf-AC
10,1.6911602128806194e-05,0.04385497809541439,0.0033219078024069922,0.04700775539180957,[0.03670912],0.026465935244765346,y = 0.036709117822795935+(0.026465935244765346x),indicador_rendimento,sigla_uf-AL
11,1.5755564260404556e-05,0.053468762379215384,0.0032114321503617285,0.046116602424793984,[0.03674953],0.027846633790573217,y = 0.03674953263791252+(0.027846633790573217x),taxa_aprovacao,sigla_uf-AL
12,1.788841491003501e-05,0.07158361113174916,0.003204600359188449,0.06962558114361295,[0.03656503],0.0343056872196094,y = 0.03656503043213512+(0.0343056872196094x),nota_saeb_media_padronizada,sigla_uf-AL
13,1.926078329223575e-05,0.08730694931293681,0.003590086708170854,0.09208664998065119,[0.03938384],0.03674848348962161,y = 0.0393838404452715+(0.03674848348962161x),nota_saeb_lingua_portuguesa,sigla_uf-AL
14,1.5355010384310736e-05,0.08037003038104829,0.0030959953404363187,0.07696514296066181,[0.03965436],0.03147240614154362,y = 0.03965435908652648+(0.03147240614154362x),nota_saeb_matematica,sigla_uf-AL
15,1.541883421330888e-05,0.0250547065817599,0.003121664983345784,0.024465187092170715,[0.04816045],0.012793974831794135,y = 0.048160451675631544+(0.012793974831794135x),indicador_rendimento,sigla_uf-AM
16,1.60470380565012e-05,0.024048102932198057,0.0031564081693358633,0.024363831544578884,[0.04809475],0.013911172615487041,y = 0.04809475341707579+(0.013911172615487041x),taxa_aprovacao,sigla_uf-AM
17,1.836836438473169e-05,0.038180565072651995,0.0033045693648271995,0.04422283238393443,[0.04814732],0.019037631954396905,y = 0.04814731944069135+(0.019037631954396905x),nota_saeb_media_padronizada,sigla_uf-AM
18,1.4679364733869824e-05,0.11379280353872434,0.0031854320685616006,0.11284534786043421,[0.05182009],0.026352333336644045,y = 0.05182009304305467+(0.026352333336644045x),nota_saeb_lingua_portuguesa,sigla_uf-AM
19,1.3572546286281439e-05,0.06898058823574582,0.002804530921793144,0.06244038768128135,[0.05199622],0.018922823635865043,y = 0.05199622164562422+(0.018922823635865043x),nota_saeb_matematica,sigla_uf-AM
20,2.573215229033309e-05,0.03711083745086019,0.004020312244642379,0.030598352501422177,[0.09416037],0.011410111972248367,y = 0.09416036923147965+(0.011410111972248367x),indicador_rendimento,sigla_uf-AP
21,2.5234103872017398e-05,0.012338696666266191,0.004059191393302106,0.020386361385477114,[0.09474803],0.006961062310734632,y = 0.09474802875567627+(0.006961062310734632x),taxa_aprovacao,sigla_uf-AP
22,4.1469314971581036e-05,0.263062868761229,0.004753794989403041,0.1671794367412872,[0.09294956],0.04697686056236385,y = 0.0929495632438631+(0.04697686056236385x),nota_saeb_media_padronizada,sigla_uf-AP
23,6.220713200556635e-05,0.25749249426533183,0.006286709264678207,0.2533049671453165,[0.10021805],0.0487026990484013,y = 0.10021804935217013+(0.0487026990484013x),nota_saeb_lingua_portuguesa,sigla_uf-AP
24,3.554863830271484e-05,0.17612410247241894,0.0046509926533254845,0.2134634944738173,[0.1009971],0.030819010464262615,y = 0.10099710409602734+(0.030819010464262615x),nota_saeb_matematica,sigla_uf-AP
25,3.113406371797043e-06,0.024416598832946113,0.0014023128456579642,0.02556964315048893,[0.01823233],0.018401778761459965,y = 0.018232331605614435+(0.018401778761459965x),indicador_rendimento,sigla_uf-BA
26,3.151778689419077e-06,0.0255175746690961,0.0014180532384306924,0.02489264617910414,[0.01823604],0.018997215304534326,y = 0.018236041062717128+(0.018997215304534326x),taxa_aprovacao,sigla_uf-BA
27,3.152428648283513e-06,0.1078126457265779,0.0013986871820154429,0.1098727152634722,[0.01798246],0.04104897363990374,y = 0.01798246496375901+(0.04104897363990374x),nota_saeb_media_padronizada,sigla_uf-BA
28,2.6962605329939024e-06,0.23681951525470601,0.001310181620428548,0.23840939891278823,[0.01928314],0.05619357692553696,y = 0.019283141423139718+(0.05619357692553696x),nota_saeb_lingua_portuguesa,sigla_uf-BA
29,2.1161182789508093e-06,0.17712924237258298,0.001150260123147411,0.1801960171336613,[0.01949731],0.04072625636929308,y = 0.01949731002606046+(0.04072625636929308x),nota_saeb_matematica,sigla_uf-BA
30,2.9638306607587706e-06,0.07318734908067526,0.0013594991538682273,0.0712456865894886,[0.0275491],0.01981800379671997,y = 0.027549098852875438+(0.01981800379671997x),indicador_rendimento,sigla_uf-CE
31,2.9566641783255112e-06,0.06632532012886416,0.0013520759643205827,0.06918224175375698,[0.02756472],0.018772918604754833,y = 0.027564720818039956+(0.018772918604754833x),taxa_aprovacao,sigla_uf-CE
32,1.2488874824459e-05,0.16463518770419971,0.002780378133265595,0.16922128703204686,[0.0266666],0.06486089400712794,y = 0.026666596089172264+(0.06486089400712794x),nota_saeb_media_padronizada,sigla_uf-CE
33,8.656617655117281e-06,0.3348791117489236,0.0023858683042707533,0.3361619349262839,[0.02856502],0.0825990088885852,y = 0.028565023595520676+(0.0825990088885852x),nota_saeb_lingua_portuguesa,sigla_uf-CE
34,7.736948554019999e-06,0.29756624823605893,0.0022209383638548794,0.2970414838856168,[0.02884248],0.07017758604613197,y = 0.02884247606014741+(0.07017758604613197x),nota_saeb_matematica,sigla_uf-CE
35,2.9890267043405465e-05,0.2919272275753364,0.004647255542011712,0.42963346327508367,[0.36486947],0.04028236263266743,y = 0.364869466268418+(0.04028236263266743x),indicador_rendimento,sigla_uf-DF
36,4.827425550140853e-05,0.5161810208643813,0.006446574588714911,0.5392715240141661,[0.35287548],0.0685049346907328,y = 0.35287548186897416+(0.0685049346907328x),taxa_aprovacao,sigla_uf-DF
37,0.00010494924608378448,0.2072805953536998,0.008055774195386722,0.22334854188852127,[0.36127612],0.04887316701022063,y = 0.3612761206198927+(0.04887316701022063x),nota_saeb_media_padronizada,sigla_uf-DF
38,0.00019793140389599574,0.74775097141233,0.013153460628556213,0.7117027761375456,[0.33437854],0.19184740867092948,y = 0.33437854341594186+(0.19184740867092948x),nota_saeb_lingua_portuguesa,sigla_uf-DF
39,0.000206578867060536,0.49451962989770415,0.013805949201158718,0.4863355584385677,[0.36445974],0.11259456028746719,y = 0.3644597378096908+(0.11259456028746719x),nota_saeb_matematica,sigla_uf-DF
40,6.144691154313328e-06,0.002848294281854069,0.002005243333328654,0.0034272677965063725,[0.04262285],0.004295058478820584,y = 0.0426228455702327+(0.004295058478820584x),indicador_rendimento,sigla_uf-ES
41,5.883776910582712e-06,0.0001463292856805909,0.0019586384767520614,0.0007505748438646487,[0.04273098],0.0009544329005941724,y = 0.04273097657028313+(0.0009544329005941724x),taxa_aprovacao,sigla_uf-ES
42,1.2975439573344382e-05,0.08498520262145115,0.0029220363716575774,0.07786187699188463,[0.04156305],0.035915180465363475,y = 0.041563046882197946+(0.035915180465363475x),nota_saeb_media_padronizada,sigla_uf-ES
43,1.3942445101153258e-05,0.24564428007756078,0.0030848756291214246,0.23050244383118434,[0.04404828],0.062238750620427684,y = 0.044048275141215495+(0.062238750620427684x),nota_saeb_lingua_portuguesa,sigla_uf-ES
44,1.1901008189594512e-05,0.1423486245649347,0.002856259928708966,0.15381506977084336,[0.04467122],0.04315199825829077,y = 0.04467122264051057+(0.04315199825829077x),nota_saeb_matematica,sigla_uf-ES
45,1.9169671043821848e-06,0.09405374111625264,0.001105202335503658,0.0939936186094169,[0.02367635],0.028559248269960456,y = 0.02367634561947387+(0.028559248269960456x),indicador_rendimento,sigla_uf-GO
46,1.8837105898308218e-06,0.08507209632254187,0.001090912446464221,0.08916923226127349,[0.02371075],0.026697040378653794,y = 0.02371075192404209+(0.026697040378653794x),taxa_aprovacao,sigla_uf-GO
47,4.593633475690256e-06,0.24591106320403022,0.0017201128338082078,0.2440330212402375,[0.02264452],0.07901518693800233,y = 0.022644516079483253+(0.07901518693800233x),nota_saeb_media_padronizada,sigla_uf-GO
48,4.396176282804611e-06,0.38831519842857887,0.0016713604334177116,0.38730075205890413,[0.0242054],0.09409370720154747,y = 0.024205397733697908+(0.09409370720154747x),nota_saeb_lingua_portuguesa,sigla_uf-GO
49,3.342655132663552e-06,0.33976051335182367,0.001459330651344312,0.352392696128076,[0.02463168],0.075865033054922,y = 0.024631679927149857+(0.075865033054922x),nota_saeb_matematica,sigla_uf-GO
50,2.2232731536699318e-06,0.07648312117467415,0.0011406609903766333,0.06912060233356221,[0.02546486],0.020935441681301285,y = 0.025464864081865168+(0.020935441681301285x),indicador_rendimento,sigla_uf-MA
51,2.3374393592969647e-06,0.07138339770529945,0.001167869718937491,0.07050425267098925,[0.02546105],0.02031403057169773,y = 0.025461053036958694+(0.02031403057169773x),taxa_aprovacao,sigla_uf-MA
52,5.5979321654545635e-06,0.15445874221060485,0.0018379088409131365,0.157241580371273,[0.02504041],0.04683438823336634,y = 0.025040409943695503+(0.04683438823336634x),nota_saeb_media_padronizada,sigla_uf-MA
53,5.754375403493015e-06,0.2161431424399919,0.0019199626494244336,0.21775298718877245,[0.02702352],0.05204069977675486,y = 0.027023515584593993+(0.05204069977675486x),nota_saeb_lingua_portuguesa,sigla_uf-MA
54,4.213180951477651e-06,0.17496299227063095,0.001595104095975372,0.17488251201545035,[0.02727462],0.040597050744023554,y = 0.027274622539967423+(0.040597050744023554x),nota_saeb_matematica,sigla_uf-MA
55,6.123413656848497e-07,0.026437687230214224,0.0006208589440361222,0.026680871318263466,[0.01284581],0.012839252862280597,y = 0.01284581099310831+(0.012839252862280597x),indicador_rendimento,sigla_uf-MG
56,6.209445481481397e-07,0.025132131539669644,0.0006226809287679587,0.024994603630640877,[0.01283721],0.012867336976871717,y = 0.012837212072605245+(0.012867336976871717x),taxa_aprovacao,sigla_uf-MG
57,1.4796421455610527e-06,0.10706671113696398,0.0009577496927323616,0.10468445425864559,[0.01254988],0.042340088082154365,y = 0.012549875852553566+(0.042340088082154365x),nota_saeb_media_padronizada,sigla_uf-MG
58,1.0614700214742272e-06,0.2836804507723927,0.0008109262709976577,0.28632516498730276,[0.01343533],0.05916132813210935,y = 0.013435332493634856+(0.05916132813210935x),nota_saeb_lingua_portuguesa,sigla_uf-MG
59,9.292183405846209e-07,0.18917550172241382,0.0007615402266078194,0.18968716348582826,[0.0135912],0.04224150296909193,y = 0.013591197229604645+(0.04224150296909193x),nota_saeb_matematica,sigla_uf-MG
60,7.0173849210844456e-06,0.1653166985266159,0.0020692098335614454,0.16784019272364814,[0.04098952],0.04699510420661678,y = 0.04098952006959912+(0.04699510420661678x),indicador_rendimento,sigla_uf-MS
61,6.988641207787414e-06,0.15899525693692962,0.0020596448016026855,0.16030426239599294,[0.04103741],0.04536865606888725,y = 0.041037407131397356+(0.04536865606888725x),taxa_aprovacao,sigla_uf-MS
62,9.681941713514703e-06,0.27029964696682807,0.0024698027169111716,0.26218655362126253,[0.04001208],0.07624630928991424,y = 0.040012082037209906+(0.07624630928991424x),nota_saeb_media_padronizada,sigla_uf-MS
63,8.607877738580456e-06,0.4160142075586355,0.002330907778227327,0.4192686829371589,[0.04279209],0.08704770899365866,y = 0.042792094089024436+(0.08704770899365866x),nota_saeb_lingua_portuguesa,sigla_uf-MS
64,5.899339483187599e-06,0.39160346224630305,0.0019456787011202356,0.3902124204812688,[0.04357865],0.06831847950820655,y = 0.043578647584838356+(0.06831847950820655x),nota_saeb_matematica,sigla_uf-MS
65,3.5642125026054875e-06,0.011503937555121468,0.001508386959822157,0.010746725979501992,[0.03164221],0.009969143413114084,y = 0.03164220563015601+(0.009969143413114084x),indicador_rendimento,sigla_uf-MT
66,3.347734797823604e-06,0.007023172582952375,0.001481700900943485,0.0073987543592900495,[0.03172666],0.007394569216151391,y = 0.03172665907718538+(0.007394569216151391x),taxa_aprovacao,sigla_uf-MT
67,7.128742790890484e-06,0.1865550138576738,0.002100239321829501,0.1873808427635426,[0.03031229],0.061180172643553715,y = 0.030312289564297948+(0.061180172643553715x),nota_saeb_media_padronizada,sigla_uf-MT
68,6.0279295589873315e-06,0.3413313142504628,0.0019108981548049387,0.338034620518312,[0.03239953],0.07628461577171461,y = 0.03239952871115441+(0.07628461577171461x),nota_saeb_lingua_portuguesa,sigla_uf-MT
69,4.8743178405597045e-06,0.25486535255975085,0.0017344835248379975,0.2643448643269197,[0.03298047],0.05722232471917996,y = 0.03298047016357292+(0.05722232471917996x),nota_saeb_matematica,sigla_uf-MT
70,6.316030765252352e-06,0.060547152751196265,0.0019205760282202495,0.05565971465479702,[0.0312994],0.021780622827228705,y = 0.031299395395730525+(0.021780622827228705x),indicador_rendimento,sigla_uf-PA
71,6.776971837630856e-06,0.04960516494855349,0.001990597903331754,0.054317726732966976,[0.03133174],0.020523604978255706,y = 0.03133173595829811+(0.020523604978255706x),taxa_aprovacao,sigla_uf-PA
72,6.5457313221628164e-06,0.09530924250073003,0.002009263884993824,0.08866559997008494,[0.0311942],0.028457191981653047,y = 0.031194195222474744+(0.028457191981653047x),nota_saeb_media_padronizada,sigla_uf-PA
73,6.704602406726132e-06,0.18427069566174892,0.0020610102749374663,0.17899553845344474,[0.0336134],0.03916107450946271,y = 0.03361340476488872+(0.03916107450946271x),nota_saeb_lingua_portuguesa,sigla_uf-PA
74,4.816615115435251e-06,0.14865841071144514,0.0017359651168052151,0.14561027611348332,[0.03381858],0.02864601832260586,y = 0.03381858305540207+(0.02864601832260586x),nota_saeb_matematica,sigla_uf-PA
75,4.760807478134455e-06,0.013116412182499704,0.0017479146410892675,0.013536410298067625,[0.0253596],0.009956697341094148,y = 0.025359600291050347+(0.009956697341094148x),indicador_rendimento,sigla_uf-PB
76,4.836451099861635e-06,0.013831104711001019,0.0017650664404452745,0.013866727305633986,[0.02534109],0.010226723305062729,y = 0.025341088394407758+(0.010226723305062729x),taxa_aprovacao,sigla_uf-PB
77,7.4342665947885935e-06,0.030941438998560722,0.0021280318058978227,0.032253054472537235,[0.02529818],0.019097764993681553,y = 0.02529818483410111+(0.019097764993681553x),nota_saeb_media_padronizada,sigla_uf-PB
78,8.144472745976651e-06,0.047986745825656985,0.0023586524526114515,0.05191698430743774,[0.02726026],0.02332936248834858,y = 0.027260260984967328+(0.02332936248834858x),nota_saeb_lingua_portuguesa,sigla_uf-PB
79,5.858664832276001e-06,0.034232053724452705,0.0019549931825252206,0.03754501022101153,[0.02734426],0.016588635254027238,y = 0.027344258229693184+(0.016588635254027238x),nota_saeb_matematica,sigla_uf-PB
80,5.4422062947301216e-06,0.17441524278783316,0.0018739810836362009,0.1756721301268458,[0.02687073],0.048886169692376386,y = 0.026870730812744156+(0.048886169692376386x),indicador_rendimento,sigla_uf-PE
81,5.468000238585111e-06,0.1690644854530019,0.0018697480737974038,0.17283630241921133,[0.0268503],0.04908311511024053,y = 0.02685029585534929+(0.04908311511024053x),taxa_aprovacao,sigla_uf-PE
82,8.793072329245207e-06,0.1688460364583848,0.0022973303658387965,0.16707435566711437,[0.02658992],0.06026303856414818,y = 0.026589915869751856+(0.06026303856414818x),nota_saeb_media_padronizada,sigla_uf-PE
83,8.010292951972262e-06,0.27618906638145224,0.0023097922216701486,0.2873072780628443,[0.02859878],0.07175839503747553,y = 0.028598779844405356+(0.07175839503747553x),nota_saeb_lingua_portuguesa,sigla_uf-PE
84,6.961897508301653e-06,0.21859943518341252,0.0020925472304504865,0.22867160631102657,[0.02891782],0.057137129740672726,y = 0.028917822141344543+(0.057137129740672726x),nota_saeb_matematica,sigla_uf-PE
85,5.7145974683621515e-06,0.05588113386647242,0.0018941089325860956,0.054460262010420646,[0.02544796],0.026980712885236874,y = 0.02544796389208337+(0.026980712885236874x),indicador_rendimento,sigla_uf-PI
86,5.783552900399908e-06,0.05717710862424685,0.0019161537189780426,0.05632278081760911,[0.02544491],0.027656871203337617,y = 0.025444906356136294+(0.027656871203337617x),taxa_aprovacao,sigla_uf-PI
87,7.99812370176509e-06,0.10653019338182412,0.0021365987321500727,0.10904290462842303,[0.02513828],0.04588305339632765,y = 0.02513828051363844+(0.04588305339632765x),nota_saeb_media_padronizada,sigla_uf-PI
88,7.96616646080144e-06,0.19601090704200141,0.002210460410623915,0.20085901685695662,[0.02714231],0.05883306809202629,y = 0.027142313075801745+(0.05883306809202629x),nota_saeb_lingua_portuguesa,sigla_uf-PI
89,6.271152195875655e-06,0.15775212118086923,0.0019356834559051967,0.16246244152082945,[0.0273565],0.04562696332894278,y = 0.027356496169960744+(0.04562696332894278x),nota_saeb_matematica,sigla_uf-PI
90,8.60168375093075e-07,0.013371279646714362,0.0007409029880848328,0.014036701834768572,[0.01879751],0.008618609130956653,y = 0.018797506768281045+(0.008618609130956653x),indicador_rendimento,sigla_uf-PR
91,8.479072183332591e-07,0.010616038528909466,0.0007346261259773261,0.010830639434942335,[0.01880029],0.007744402552957294,y = 0.018800287240742217+(0.007744402552957294x),taxa_aprovacao,sigla_uf-PR
92,2.434027346025449e-06,0.18875061261841664,0.0012192849250799366,0.18850276546132982,[0.01798624],0.060795902511308564,y = 0.017986236883114046+(0.060795902511308564x),nota_saeb_media_padronizada,sigla_uf-PR
93,2.2011605758524586e-06,0.37041699255530436,0.0011916955428408831,0.37254250893797947,[0.01910606],0.08319424468513865,y = 0.019106062068459214+(0.08319424468513865x),nota_saeb_lingua_portuguesa,sigla_uf-PR
94,1.750222793782297e-06,0.28942171431247365,0.0010549770189892237,0.28839689279319103,[0.0194483],0.061057136229995125,y = 0.01944830239236632+(0.061057136229995125x),nota_saeb_matematica,sigla_uf-PR
95,5.582661770866801e-06,0.07477069158066385,0.0018909931148017559,0.07845604607650847,[0.03857817],0.02557590982865925,y = 0.03857816586161931+(0.02557590982865925x),indicador_rendimento,sigla_uf-RJ
96,5.889043990239003e-06,0.08150431099063793,0.0019270956200107864,0.07383615437412139,[0.03851257],0.027203133129747478,y = 0.03851257454115615+(0.027203133129747478x),taxa_aprovacao,sigla_uf-RJ
97,1.005121162315488e-05,0.08288144223693394,0.002572782149966551,0.08071316356524716,[0.0383181],0.03662119863008564,y = 0.03831809840408158+(0.03662119863008564x),nota_saeb_media_padronizada,sigla_uf-RJ
98,8.637245974152813e-06,0.3515254026984037,0.0023361837806621004,0.3319287370196564,[0.0401703],0.07402434541178282,y = 0.040170301042984066+(0.07402434541178282x),nota_saeb_lingua_portuguesa,sigla_uf-RJ
99,7.646893115954452e-06,0.22344493451794378,0.00221001375103906,0.22880129374291847,[0.0409518],0.050812189967857385,y = 0.04095180042465438+(0.050812189967857385x),nota_saeb_matematica,sigla_uf-RJ
100,6.418781912350613e-06,0.06674195612808553,0.001970981826067261,0.06650779769192838,[0.02868507],0.02796360101632002,y = 0.02868506770089985+(0.02796360101632002x),indicador_rendimento,sigla_uf-RN
101,5.9189432953525955e-06,0.057868621694676325,0.001919172092648168,0.05975354486926843,[0.02878295],0.024555746414264057,y = 0.02878294615538527+(0.024555746414264057x),taxa_aprovacao,sigla_uf-RN
102,8.594299372926425e-06,0.15679663264443366,0.002348858847453475,0.15169633145620665,[0.02821874],0.05112098643778639,y = 0.028218744525836722+(0.05112098643778639x),nota_saeb_media_padronizada,sigla_uf-RN
103,7.235321498444157e-06,0.29682389757621785,0.0021431495730983435,0.29733383710209493,[0.03033476],0.06500279981473518,y = 0.03033475636886664+(0.06500279981473518x),nota_saeb_lingua_portuguesa,sigla_uf-RN
104,5.538615603288854e-06,0.24986197085393058,0.001865759881542382,0.2524470438821276,[0.0306501],0.05089456433739863,y = 0.03065009827630184+(0.05089456433739863x),nota_saeb_matematica,sigla_uf-RN
105,1.1470452933510996e-05,0.09720903559622018,0.0026751722626965485,0.10549189366120615,[0.05117319],0.03229443944936437,y = 0.05117319316095044+(0.03229443944936437x),indicador_rendimento,sigla_uf-RO
106,1.1883514163942377e-05,0.09869920993378178,0.0027199908033540645,0.09482722385929288,[0.05111919],0.0327858510189385,y = 0.05111919445325439+(0.0327858510189385x),taxa_aprovacao,sigla_uf-RO
107,1.9327621931215495e-05,0.20511517900588305,0.003543453887949234,0.21275876417160433,[0.04968156],0.06437337754042782,y = 0.04968156255748561+(0.06437337754042782x),nota_saeb_media_padronizada,sigla_uf-RO
108,1.739847115922223e-05,0.36335926615007086,0.0033885754622706133,0.3543108317749899,[0.05285506],0.08278312383699173,y = 0.05285505773027124+(0.08278312383699173x),nota_saeb_lingua_portuguesa,sigla_uf-RO
109,1.4190398937418701e-05,0.3133792894497873,0.003067070104198229,0.29793324734721904,[0.05351915],0.06978814127965582,y = 0.053519147982194135+(0.06978814127965582x),nota_saeb_matematica,sigla_uf-RO
110,2.5157217462251782e-05,0.05352494487536419,0.0037806634441017103,0.042447738161860205,[0.09647621],0.013631367304668077,y = 0.0964762148463682+(0.013631367304668077x),indicador_rendimento,sigla_uf-RR
111,2.3337354503351547e-05,0.04717644017563416,0.0037267006697771924,0.04450776505415033,[0.09694773],0.012198472756507898,y = 0.0969477266009545+(0.012198472756507898x),taxa_aprovacao,sigla_uf-RR
112,4.1685314188214845e-05,0.4769182467482945,0.004671413997055942,0.4454881680874895,[0.09366201],0.0698387925430884,y = 0.09366200924135601+(0.0698387925430884x),nota_saeb_media_padronizada,sigla_uf-RR
113,7.688669736142743e-05,0.33371257421379985,0.006512564779968474,0.3156652083275563,[0.10138808],0.06538390203586841,y = 0.1013880803506828+(0.06538390203586841x),nota_saeb_lingua_portuguesa,sigla_uf-RR
114,3.766344845451129e-05,0.42820167736663706,0.004370922234992033,0.3868524846044201,[0.10231076],0.05514573144399604,y = 0.1023107550441798+(0.05514573144399604x),nota_saeb_matematica,sigla_uf-RR
115,1.2936755585978558e-06,0.0003556449307813292,0.0009102806989421189,0.0007251718131231488,[0.01746219],0.0016098997260464063,y = 0.01746219120948125+(0.0016098997260464063x),indicador_rendimento,sigla_uf-RS
116,1.2917439182269959e-06,4.731608629349182e-06,0.0009123873036036396,4.232340356458142e-05,[0.01747098],0.0001861910701878881,y = 0.017470982074477236+(0.0001861910701878881x),taxa_aprovacao,sigla_uf-RS
117,2.8805641414512317e-06,0.07460204562518646,0.0013416182992656163,0.07670682430836318,[0.01709846],0.03474192881726601,y = 0.01709846014273381+(0.03474192881726601x),nota_saeb_media_padronizada,sigla_uf-RS
118,2.908978522654136e-06,0.13174130405657314,0.0013552139180442147,0.13513961287850007,[0.01820563],0.044278836319994574,y = 0.018205626994436626+(0.044278836319994574x),nota_saeb_lingua_portuguesa,sigla_uf-RS
119,2.4839624915005065e-06,0.07777777341133396,0.0012477818311287159,0.07932780537233541,[0.01837863],0.03039625785425385,y = 0.01837862821056043+(0.03039625785425385x),nota_saeb_matematica,sigla_uf-RS
120,8.890369467667185e-07,0.016120878061088084,0.0007466768633671313,0.014773889947229168,[0.02224418],-0.0075840648330846,y = 0.022244175502462337+(-0.0075840648330846x),indicador_rendimento,sigla_uf-SC
121,8.437784715493001e-07,0.016693807572986663,0.0007317074955272457,0.016543368629183042,[0.02224361],-0.007600793568310275,y = 0.022243614527847354+(-0.007600793568310275x),taxa_aprovacao,sigla_uf-SC
122,4.2622274181863665e-06,0.12391863914469625,0.001627098075186974,0.12681196333112654,[0.02127335],0.0494338739548635,y = 0.021273347934883537+(0.0494338739548635x),nota_saeb_media_padronizada,sigla_uf-SC
123,3.4136910486174567e-06,0.25757522562380253,0.0014529488156819698,0.26362652201793446,[0.02274257],0.06259490305036947,y = 0.022742571930285588+(0.06259490305036947x),nota_saeb_lingua_portuguesa,sigla_uf-SC
124,2.8255381773590664e-06,0.17258682782991763,0.0013152081509046891,0.17364843121303164,[0.02308301],0.04433127327681873,y = 0.023083006790220365+(0.04433127327681873x),nota_saeb_matematica,sigla_uf-SC
125,1.0916257177597212e-05,0.07637497877390786,0.002624488491337358,0.07888512342723453,[0.04274248],0.0284587550514994,y = 0.04274248258687653+(0.0284587550514994x),indicador_rendimento,sigla_uf-SE
126,1.100739838860135e-05,0.0816646947870816,0.002667542254467773,0.0788115834114006,[0.04271701],0.02961413331883273,y = 0.04271701278720863+(0.02961413331883273x),taxa_aprovacao,sigla_uf-SE
127,1.2156303591567638e-05,0.1584149045461155,0.0027785459818116674,0.15218340382671913,[0.04222985],0.0431782143507312,y = 0.042229851894483895+(0.0431782143507312x),nota_saeb_media_padronizada,sigla_uf-SE
128,1.3620966729263666e-05,0.24986533187272553,0.002931434929409873,0.2479644730671028,[0.04527868],0.058084777477661186,y = 0.04527867844276483+(0.058084777477661186x),nota_saeb_lingua_portuguesa,sigla_uf-SE
129,1.0033052742475255e-05,0.183058987056827,0.0024677684036314615,0.19071916744251494,[0.04598276],0.039065911674381316,y = 0.04598276155302315+(0.039065911674381316x),nota_saeb_matematica,sigla_uf-SE
130,3.125838201594156e-07,0.007137932921206458,0.0004320766948482063,0.007307602874882746,[0.01483126],0.00511382997434145,y = 0.01483125656864254+(0.00511382997434145x),indicador_rendimento,sigla_uf-SP
131,3.0646789869270954e-07,0.004801136911693482,0.00042657904175293673,0.005652359763943071,[0.01483966],0.004103497329835628,y = 0.0148396577884519+(0.004103497329835628x),taxa_aprovacao,sigla_uf-SP
132,1.431134377844375e-06,0.11449971681295945,0.0009347000719637282,0.11935826521914794,[0.01431081],0.04612933054425527,y = 0.014310811164927549+(0.04612933054425527x),nota_saeb_media_padronizada,sigla_uf-SP
133,1.2975452034849361e-06,0.31375383872838636,0.0009242598713703241,0.31011272376352206,[0.01511136],0.07410305610100201,y = 0.01511135504222351+(0.07410305610100201x),nota_saeb_lingua_portuguesa,sigla_uf-SP
134,1.101284547211345e-06,0.19810625987994024,0.0008484195328635726,0.18994457107719775,[0.01542817],0.050768807992475594,y = 0.015428165114127946+(0.050768807992475594x),nota_saeb_matematica,sigla_uf-SP
135,2.879934771601408e-06,0.04980057294851359,0.0013370361337465867,0.04399825645801603,[0.03176372],0.017500281224891237,y = 0.03176372015726196+(0.017500281224891237x),indicador_rendimento,sigla_uf-TO
136,2.822389164703463e-06,0.0429931781154953,0.0013189693022833792,0.04232027972190433,[0.03180677],0.015439340750056594,y = 0.031806770622933044+(0.015439340750056594x),taxa_aprovacao,sigla_uf-TO
137,6.1807690170210385e-06,0.3714021340275214,0.0019632964592846344,0.3673768784582715,[0.03013826],0.08316517377497017,y = 0.03013826347608556+(0.08316517377497017x),nota_saeb_media_padronizada,sigla_uf-TO
138,7.009335278697653e-06,0.3612909236896674,0.0021343573759399627,0.3582460885493517,[0.03273153],0.07851405556918324,y = 0.03273152969123407+(0.07851405556918324x),nota_saeb_lingua_portuguesa,sigla_uf-TO
139,5.688931598547605e-06,0.3518806795887942,0.0019429404902745787,0.35539173801018054,[0.03296788],0.07185513061376618,y = 0.032967875201452085+(0.07185513061376618x),nota_saeb_matematica,sigla_uf-TO
